<?xml version="1.0" encoding="UTF-8"?>
<jcr:root xmlns:sling="http://sling.apache.org/jcr/sling/1.0" xmlns:granite="http://www.adobe.com/jcr/granite/1.0" xmlns:cq="http://www.day.com/jcr/cq/1.0" xmlns:jcr="http://www.jcp.org/jcr/1.0" xmlns:nt="http://www.jcp.org/jcr/nt/1.0"
    jcr:primaryType="nt:unstructured"
    jcr:title="Image"
    sling:resourceType="cq/gui/components/authoring/dialog"
    extraClientlibs="[core.wcm.components.image.v2.editor]"
    helpPath="https://www.adobe.com/go/aem_cmp_image_v2"
    trackingFeature="core-components:image:v2">
    <content
        granite:class="cmp-image__editor"
        jcr:primaryType="nt:unstructured"
        sling:resourceType="granite/ui/components/coral/foundation/container">
        <items jcr:primaryType="nt:unstructured">
            <tabs
                jcr:primaryType="nt:unstructured"
                sling:resourceType="granite/ui/components/coral/foundation/tabs"
                maximized="{Boolean}true">
                <items jcr:primaryType="nt:unstructured">
                    <metadata
                        jcr:primaryType="nt:unstructured"
                        jcr:title="Size"
                        sling:hideResource="{Boolean}true"
                        sling:resourceType="granite/ui/components/coral/foundation/container"
                        margin="{Boolean}true">
                        <items jcr:primaryType="nt:unstructured">
                            <columns
                                jcr:primaryType="nt:unstructured"
                                sling:resourceType="granite/ui/components/coral/foundation/fixedcolumns"
                                margin="{Boolean}true">
                                <items jcr:primaryType="nt:unstructured">
                                    <column
                                        jcr:primaryType="nt:unstructured"
                                        sling:resourceType="granite/ui/components/coral/foundation/container">
                                        <items jcr:primaryType="nt:unstructured">
                                            <decorative
                                                jcr:primaryType="nt:unstructured"
                                                sling:resourceType="granite/ui/components/coral/foundation/form/checkbox"
                                                checked="${not empty cqDesign.isDecorative ? cqDesign.isDecorative : false}"
                                                fieldDescription="Check if the image should be ignored by assistive technology and therefore does not require an alternative text. This applies to decorative images only."
                                                name="./isDecorative"
                                                text="Image is decorative"
                                                uncheckedValue="false"
                                                value="{Boolean}true"/>
                                            <alternativeGroup
                                                granite:class="cmp-image__editor-alt"
                                                jcr:primaryType="nt:unstructured"
                                                sling:resourceType="granite/ui/components/coral/foundation/well">
                                                <items jcr:primaryType="nt:unstructured">
                                                    <alt
                                                        jcr:primaryType="nt:unstructured"
                                                        sling:resourceType="granite/ui/components/coral/foundation/form/textfield"
                                                        fieldDescription="Textual alternative of the meaning or function of the image, for visually impaired readers."
                                                        fieldLabel="Alternative Text"
                                                        name="./alt"
                                                        required="{Boolean}true"/>
                                                    <altValueFromDAM
                                                        jcr:primaryType="nt:unstructured"
                                                        sling:resourceType="granite/ui/components/coral/foundation/form/checkbox"
                                                        checked="${not empty cqDesign.altValueFromDAM ? cqDesign.altValueFromDAM : true}"
                                                        fieldDescription="When checked, populate the image's alt attribute with the value of the dc:description metadata in DAM."
                                                        name="./altValueFromDAM"
                                                        text="Get alternative text from DAM"
                                                        uncheckedValue="false"
                                                        value="{Boolean}true"/>
                                                </items>
                                            </alternativeGroup>
                                            <captionGroup
                                                jcr:primaryType="nt:unstructured"
                                                sling:resourceType="granite/ui/components/coral/foundation/well">
                                                <items jcr:primaryType="nt:unstructured">
                                                    <caption
                                                        jcr:primaryType="nt:unstructured"
                                                        sling:resourceType="granite/ui/components/coral/foundation/form/textfield"
                                                        fieldDescription="Additional information about the image."
                                                        fieldLabel="Caption"
                                                        name="./jcr:title"/>
                                                    <titleValueFromDAM
                                                        jcr:primaryType="nt:unstructured"
                                                        sling:resourceType="granite/ui/components/coral/foundation/form/checkbox"
                                                        checked="${not empty cqDesign.titleValueFromDAM ? cqDesign.titleValueFromDAM : true}"
                                                        fieldDescription="When checked, populate the image's caption with the value of the dc:title metadata in DAM."
                                                        name="./titleValueFromDAM"
                                                        text="Get caption from DAM"
                                                        uncheckedValue="false"
                                                        value="{Boolean}true"/>
                                                    <displayPopupTitle
                                                        jcr:primaryType="nt:unstructured"
                                                        sling:resourceType="granite/ui/components/coral/foundation/form/checkbox"
                                                        checked="${not empty cqDesign.displayPopupTitle ? cqDesign.displayPopupTitle : true}"
                                                        fieldDescription="When checked, the caption won't be displayed below the image, but as a pop-up displayed by some browsers when hovering over the image."
                                                        name="./displayPopupTitle"
                                                        text="Display caption as pop-up"
                                                        uncheckedValue="false"
                                                        value="{Boolean}true"/>
                                                </items>
                                            </captionGroup>
                                            <linkURL
                                                jcr:primaryType="nt:unstructured"
                                                sling:resourceType="granite/ui/components/coral/foundation/form/pathfield"
                                                fieldDescription="Make the image a link to another resource."
                                                fieldLabel="Link"
                                                name="./linkURL"
                                                rootPath="/content"
                                                wrapperClass="cmp-image__editor-link"/>
                                        </items>
                                    </column>
                                </items>
                            </columns>
                        </items>
                    </metadata>
                    <size
                        jcr:primaryType="nt:unstructured"
                        jcr:title="Size"
                        sling:resourceType="granite/ui/components/coral/foundation/container"
                        margin="{Boolean}true">
                        <items jcr:primaryType="nt:unstructured">
                            <columns
                                jcr:primaryType="nt:unstructured"
                                sling:resourceType="granite/ui/components/coral/foundation/fixedcolumns"
                                margin="{Boolean}true">
                                <items jcr:primaryType="nt:unstructured">
                                    <size
                                        jcr:primaryType="nt:unstructured"
                                        sling:resourceType="cq/gui/components/authoring/dialog/sizefield"
                                        fieldLabel="Size (px)">
                                        <width
                                            jcr:primaryType="nt:unstructured"
                                            sling:resourceType="granite/ui/components/foundation/form/textfield"
                                            defaultValue=""
                                            emptyText="Width"
                                            name="./width"/>
                                        <height
                                            jcr:primaryType="nt:unstructured"
                                            sling:resourceType="granite/ui/components/foundation/form/textfield"
                                            defaultValue=""
                                            emptyText="Height"
                                            name="./height"/>
                                    </size>
                                </items>
                            </columns>
                        </items>
                    </size>
                </items>
            </tabs>
        </items>
    </content>
</jcr:root>
